passengerId, numberOfFlights, firstName, lastName 
2068, 32, Yolande, Pete
1677, 27, Katherina, Vasiliki
4827, 27, Jaime, Renay
3173, 26, Sunshine, Scott
8961, 26, Ginny, Clara
288, 25, Pamila, Mavis
760, 25, Vernia, Mui
917, 25, Anisha, Alaine
2857, 25, Son, Ginette
5096, 25, Blythe, Hyon
5867, 25, Luise, Raymond
6084, 25, Cole, Sharyl
8363, 25, Branda, Kimiko
1240, 24, Catherine, Missy
1343, 24, Bennett, Staci
2441, 24, Kayla, Rufus
3367, 24, Priscilla, Corie
5668, 24, Gladis, Earlene
211, 23, Lori, Jeremiah
281, 23, Sage, Fernanda
366, 23, Carman, Meghan
613, 23, Palmer, Yuonne
1337, 23, Kirby, Melvin
1598, 23, Amelia, Betsey
1673, 23, Jeanie, Gladis
2251, 23, Gussie, Temple
2717, 23, Shannon, Marlyn
3093, 23, Theda, Rodrick
3405, 23, Johna, Ollie
3590, 23, Isiah, Tyler
4056, 23, Dagmar, Marilee
5332, 23, Bobette, Laurice
7643, 23, Albina, Joni
8353, 23, Davis, Williams
8411, 23, Juliann, Cheryll
9441, 23, Annalisa, Luanna
167, 22, Mona, Kassandra
258, 22, Emmaline, Marcelle
350, 22, Annemarie, Nilsa
391, 22, Carolynn, Enola
392, 22, Cory, Ebonie
739, 22, Sadye, Rhea
798, 22, Ramiro, Terisa
1413, 22, Carlee, Timmy
1769, 22, Lisha, Delmer
2437, 22, Charlyn, Wynona
2939, 22, Jaleesa, Clement
3078, 22, Laquita, Kate
3180, 22, Yvette, Peter
4034, 22, Thalia, Maurice
4611, 22, Cristi, Eugenia
5423, 22, Sirena, Nigel
5490, 22, Toni, Winnifred
6447, 22, Brigitte, Jodie
7162, 22, Alfonso, Dinah
9252, 22, Angella, Margret
364, 21, Donya, Stephan
398, 21, Mario, Trinh
435, 21, Tiffani, Frances
437, 21, Kelli, Roger
763, 21, Will, Chanelle
848, 21, Marya, Eliana
905, 21, Terrie, Gisela
1464, 21, Margherita, Arica
1581, 21, Marx, Artie
1651, 21, Alex, Annabelle
1982, 21, Izetta, Marjorie
2185, 21, Rae, Chas
2254, 21, Angelina, Gracia
2516, 21, Tamar, Claretta
2926, 21, Vicky, Patrica
3112, 21, Madie, Winona
3332, 21, Kiara, Donnie
4249, 21, Chi, Valeri
4399, 21, Kevin, Nicole
4502, 21, Thea, Yolando
4552, 21, Mayme, Luvenia
4632, 21, Jacklyn, Christia
5007, 21, Laticia, Katherine
5416, 21, Chin, Claretta
5560, 21, Lang, Johnie
6060, 21, Delisa, Elisha
6777, 21, Tamara, Terresa
9540, 21, Rhoda, Gavin
139, 20, Vita, Eileen
157, 20, Eldon, Kareen
204, 20, Mallory, Cathern
368, 20, Bart, Naomi
603, 20, Raymon, Evelin
628, 20, Rosalina, Lavinia
649, 20, Doreen, Raymond
662, 20, Aliza, Iesha
721, 20, Yun, Cecily
859, 20, Eilene, Velvet
888, 20, Bryant, Marcell
942, 20, Elmira, Minnie
1029, 20, Donita, Katrina
1246, 20, Shaquita, Evon
1617, 20, Cody, Lashell
1818, 20, Marlon, Towanda
